<?xml version="1.0" encoding="UTF-8"?>
<project-private xmlns="http://www.netbeans.org/ns/project-private/1">
    <editor-bookmarks xmlns="http://www.netbeans.org/ns/editor-bookmarks/2" lastBookmarkId="0"/>
    <open-files xmlns="http://www.netbeans.org/ns/projectui-open-files/2">
        <group>
            <file>file:/C:/Users/Jay/OneDrive/Documents/SEMESTER%205/Bahasa%20Pemrograman%203/PEMBELIAN/src/KoneksiDB.java</file>
            <file>file:/C:/Users/Jay/OneDrive/Documents/SEMESTER%205/Bahasa%20Pemrograman%203/PEMBELIAN/src/MainApp.java</file>
            <file>file:/C:/Users/Jay/OneDrive/Documents/SEMESTER%205/Bahasa%20Pemrograman%203/PEMBELIAN/src/TesKoneksi.java</file>
            <file>file:/C:/Users/Jay/OneDrive/Documents/SEMESTER%205/Bahasa%20Pemrograman%203/PEMBELIAN/src/FormFaktur.java</file>
            <file>file:/C:/Users/Jay/OneDrive/Documents/SEMESTER%205/Bahasa%20Pemrograman%203/PEMBELIAN/src/FormLogin.java</file>
        </group>
    </open-files>
</project-private>
